zeros,poles
(-0.7+0.1297624359j),
(-0.7-0.1297624359j),
(0.077-0.1852375641j),
(0.077+0.1852375641j),
(0.546-0.1082375641j),
(0.546+0.1082375641j),
